CREATE TABLE IF NOT EXISTS broadband(
   id               INTEGER  NOT NULL PRIMARY KEY 
  ,company_id       INTEGER  NOT NULL
  ,data_consumption INTEGER  NOT NULL
  ,month            INTEGER  NOT NULL
  ,status           VARCHAR(6) NOT NULL
  ,year             INTEGER  NOT NULL
);

INSERT INTO broadband(id,company_id,data_consumption,month,status,year) VALUES
 (1,1,66081,1,'paid',2021)
,(2,1,119294,2,'paid',2021)
,(3,1,48763,3,'paid',2021)
,(4,1,128930,4,'paid',2021)
,(5,1,119093,5,'paid',2021)
,(6,1,110969,6,'paid',2021)
,(7,1,49692,7,'paid',2021)
,(8,1,42779,8,'paid',2021)
,(9,1,117737,9,'unpaid',2021)
,(10,2,66548,6,'paid',2019)
,(11,2,8873,7,'paid',2019)
,(12,2,83661,8,'paid',2019)
,(13,2,74870,9,'paid',2020)
,(14,2,54586,10,'paid',2020)
,(15,2,45608,11,'paid',2020)
,(16,2,59883,12,'paid',2020)
,(17,2,17664,1,'paid',2020)
,(18,2,44709,2,'unpaid',2020)
,(19,3,57623,10,'paid',2020)
,(20,3,60392,11,'paid',2020)
,(21,3,4540,12,'paid',2020)
,(22,3,6527,1,'paid',2021)
,(23,3,43639,2,'paid',2021)
,(24,3,36962,3,'paid',2021)
,(25,3,35944,4,'paid',2021)
,(26,3,26855,5,'paid',2021)
,(27,3,44377,6,'paid',2021)
,(28,3,36198,7,'paid',2021)
,(29,3,21128,8,'paid',2021)
,(30,3,36491,9,'unpaid',2021)
,(31,4,2290,10,'paid',2020)
,(32,4,28347,11,'paid',2020)
,(33,4,2734,12,'paid',2020)
,(34,4,24514,1,'paid',2021)
,(35,4,39190,2,'paid',2021)
,(36,4,29727,3,'paid',2021)
,(37,4,38888,4,'paid',2021)
,(38,4,5665,5,'paid',2021)
,(39,4,17891,6,'paid',2021)
,(40,4,24219,7,'paid',2021)
,(41,4,8206,8,'paid',2021)
,(42,4,16224,9,'unpaid',2021)
,(43,5,26722,9,'paid',2020)
,(44,5,20642,10,'paid',2020)
,(45,5,24975,11,'paid',2021)
,(46,5,35429,12,'paid',2021)
,(47,5,14465,1,'paid',2021)
,(48,5,26071,2,'paid',2021)
,(49,5,38581,3,'paid',2021)
,(50,5,9370,4,'paid',2021)
,(51,5,7768,5,'paid',2021)
,(52,5,46527,6,'paid',2021)
,(53,5,67760,7,'unpaid',2021)
,(54,6,15820,1,'paid',2021)
,(55,6,25589,2,'paid',2021)
,(56,6,132857,3,'paid',2021)
,(57,6,121203,4,'paid',2021)
,(58,6,51725,5,'paid',2021)
,(59,6,530,6,'paid',2021)
,(60,6,34474,7,'paid',2021)
,(61,6,24465,8,'unpaid',2021)
,(62,7,35600,6,'paid',2019)
,(63,7,19975,7,'paid',2019)
,(64,7,3691,8,'paid',2019)
,(65,7,29856,9,'paid',2019)
,(66,7,21472,10,'paid',2019)
,(67,7,19060,11,'paid',2019)
,(68,7,7909,12,'paid',2019)
,(69,7,39348,1,'paid',2020)
,(70,7,105180,1,'paid',2020)
,(71,8,94858,12,'paid',2020)
,(72,8,112354,1,'paid',2021)
,(73,8,7684,2,'paid',2021)
,(74,8,118334,3,'paid',2021)
,(75,8,86694,4,'paid',2021)
,(76,8,65321,5,'paid',2021)
,(77,8,74033,6,'paid',2021)
,(78,8,56843,7,'paid',2021)
,(79,8,120069,8,'unpaid',2021)
,(80,9,32137,10,'paid',2020)
,(81,9,85737,11,'paid',2020)
,(82,9,36714,12,'paid',2020)
,(83,9,41882,1,'paid',2021)
,(84,9,85534,2,'paid',2021)
,(85,9,64398,3,'paid',2021)
,(86,9,69959,4,'paid',2021)
,(87,9,91251,5,'paid',2021)
,(88,9,100885,6,'paid',2021)
,(89,9,106502,7,'paid',2021)
,(90,9,89038,8,'paid',2021)
,(91,9,59287,9,'unpaid',2021)
,(92,10,38978,2,'paid',2019)
,(93,10,30454,3,'paid',2019)
,(94,10,16461,4,'paid',2019)
,(95,10,22555,5,'paid',2019)
,(96,10,23322,6,'paid',2019)
,(97,10,17608,7,'paid',2019)
,(98,10,9047,8,'paid',2019)
,(99,10,19606,9,'paid',2019)
,(100,10,39543,10,'unpaid',2019);





CREATE TABLE IF NOT EXISTS company(
   id           INTEGER  NOT NULL PRIMARY KEY 
  ,apple        INTEGER  NOT NULL
  ,broadband    INTEGER  NOT NULL
  ,company_id   INTEGER  NOT NULL
  ,company_name VARCHAR(10) NOT NULL
  ,fixed        INTEGER  NOT NULL
  ,nokia        INTEGER  NOT NULL
  ,oneplus      INTEGER  NOT NULL
  ,samsung      INTEGER  NOT NULL
);
INSERT INTO company(id,apple,broadband,company_id,company_name,fixed,nokia,oneplus,samsung) VALUES
 (1,3,5,1,'Wikibox',8,6,9,0)
,(2,2,4,2,'Omba',5,8,3,5)
,(3,0,2,3,'Trudeo',3,4,4,4)
,(4,6,3,4,'Mydo',1,9,8,9)
,(5,1,4,5,'Trupe',0,7,3,9)
,(6,5,8,6,'Skinix',8,0,8,10)
,(7,8,4,7,'Quire',0,5,4,3)
,(8,9,10,8,'Shuffletag',3,5,6,10)
,(9,3,6,9,'Teklist',9,6,2,1)
,(10,9,3,10,'Myworks',1,1,5,5);


CREATE TABLE IF NOT EXISTS mobile(
   id               INTEGER  NOT NULL PRIMARY KEY 
  ,call_duration    INTEGER  NOT NULL
  ,company_id       INTEGER  NOT NULL
  ,data_consumption INTEGER  NOT NULL
  ,month            INTEGER  NOT NULL
  ,sms              INTEGER  NOT NULL
  ,status           VARCHAR(6) NOT NULL
  ,year             INTEGER  NOT NULL
);
INSERT INTO mobile(id,call_duration,company_id,data_consumption,month,sms,status,year) VALUES
 (1,1742,1,7789,1,5334,'paid',2021)
,(2,796,1,9216,2,3202,'paid',2021)
,(3,2188,1,10880,3,7789,'paid',2021)
,(4,4882,1,16595,4,6343,'paid',2021)
,(5,2034,1,14247,5,6407,'paid',2021)
,(6,4371,1,11932,6,8022,'paid',2021)
,(7,3259,1,3100,7,5191,'paid',2021)
,(8,1325,1,9989,8,17560,'paid',2021)
,(9,251,1,14416,9,5442,'unpaid',2021)
,(10,4920,2,13843,6,12825,'paid',2019)
,(11,3159,2,17394,7,1651,'paid',2019)
,(12,1209,2,8913,8,13207,'paid',2019)
,(13,145,2,16695,9,8294,'paid',2020)
,(14,1622,2,8419,10,5076,'paid',2020)
,(15,3389,2,13943,11,4412,'paid',2020)
,(16,2430,2,5428,12,8696,'paid',2020)
,(17,3295,2,13110,1,5736,'paid',2020)
,(18,3435,2,16847,2,13635,'unpaid',2020)
,(19,3046,3,8178,10,9447,'paid',2020)
,(20,3067,3,3380,11,6768,'paid',2020)
,(21,1268,3,6106,12,11233,'paid',2020)
,(22,1278,3,7709,1,4520,'paid',2021)
,(23,393,3,2120,2,1304,'paid',2021)
,(24,1161,3,5895,3,9147,'paid',2021)
,(25,1101,3,5678,4,3174,'paid',2021)
,(26,1475,3,7585,5,5455,'paid',2021)
,(27,1258,3,10444,6,4737,'paid',2021)
,(28,2801,3,4394,7,4500,'paid',2021)
,(29,624,3,5509,8,3145,'paid',2021)
,(30,2873,3,6761,9,7875,'unpaid',2021)
,(31,8159,4,15198,10,14771,'paid',2020)
,(32,2675,4,27541,11,26716,'paid',2020)
,(33,3890,4,14798,12,7649,'paid',2020)
,(34,1915,4,12522,1,5963,'paid',2021)
,(35,6042,4,12766,2,27908,'paid',2021)
,(36,6437,4,26965,3,14740,'paid',2021)
,(37,8924,4,6381,4,28164,'paid',2021)
,(38,1542,4,4344,5,18992,'paid',2021)
,(39,4720,4,15440,6,27940,'paid',2021)
,(40,7616,4,9535,7,1674,'paid',2021)
,(41,8967,4,28689,8,13973,'paid',2021)
,(42,4699,4,20758,9,1489,'unpaid',2021)
,(43,3466,5,18118,9,17509,'paid',2020)
,(44,5403,5,15415,10,19879,'paid',2020)
,(45,3323,5,2498,11,10098,'paid',2021)
,(46,4075,5,2646,12,9139,'paid',2021)
,(47,1749,5,8778,1,3980,'paid',2021)
,(48,5046,5,2153,2,16819,'paid',2021)
,(49,2710,5,17981,3,7144,'paid',2021)
,(50,1908,5,15013,4,6873,'paid',2021)
,(51,3322,5,12715,5,17329,'paid',2021)
,(52,4348,5,15972,6,4155,'paid',2021)
,(53,1220,5,6847,7,15200,'unpaid',2021)
,(54,1906,6,21402,1,12892,'paid',2021)
,(55,2405,6,15732,2,1754,'paid',2021)
,(56,1033,6,13721,3,11005,'paid',2021)
,(57,2408,6,6216,4,4860,'paid',2021)
,(58,1490,6,3128,5,7220,'paid',2021)
,(59,5434,6,5833,6,10819,'paid',2021)
,(60,2554,6,15929,7,16051,'paid',2021)
,(61,1329,6,6849,8,8674,'unpaid',2021)
,(62,4368,7,7308,6,17215,'paid',2019)
,(63,3585,7,17778,7,8485,'paid',2019)
,(64,2194,7,3400,8,13626,'paid',2019)
,(65,1310,7,4987,9,9136,'paid',2019)
,(66,3481,7,8348,10,11018,'paid',2019)
,(67,3223,7,16292,11,10439,'paid',2019)
,(68,1865,7,12678,12,2607,'paid',2019)
,(69,3618,7,18632,1,13598,'paid',2020)
,(70,5893,7,12264,1,12584,'paid',2020)
,(71,6077,8,17810,12,18739,'paid',2020)
,(72,409,8,20047,1,10063,'paid',2021)
,(73,5059,8,20912,2,13073,'paid',2021)
,(74,7508,8,6908,3,6224,'paid',2021)
,(75,6152,8,17712,4,25454,'paid',2021)
,(76,8029,8,24097,5,11788,'paid',2021)
,(77,5862,8,16580,6,9859,'paid',2021)
,(78,6775,8,4635,7,1953,'paid',2021)
,(79,165,8,22268,8,4736,'unpaid',2021)
,(80,2993,9,9874,10,7545,'paid',2020)
,(81,676,9,4980,11,4485,'paid',2020)
,(82,1498,9,8316,12,1629,'paid',2020)
,(83,1685,9,6889,1,3166,'paid',2021)
,(84,297,9,6291,2,3067,'paid',2021)
,(85,1545,9,2493,3,2255,'paid',2021)
,(86,1133,9,4257,4,2568,'paid',2021)
,(87,2620,9,5406,5,6040,'paid',2021)
,(88,1914,9,1926,6,4483,'paid',2021)
,(89,760,9,4116,7,4777,'paid',2021)
,(90,2212,9,8468,8,10682,'paid',2021)
,(91,686,9,11815,9,10125,'unpaid',2021)
,(92,851,10,2782,2,10702,'paid',2019)
,(93,1383,10,15163,3,2046,'paid',2019)
,(94,298,10,4061,4,19058,'paid',2019)
,(95,1123,10,4035,5,17449,'paid',2019)
,(96,5642,10,8039,6,16634,'paid',2019)
,(97,70,10,12599,7,9471,'paid',2019)
,(98,350,10,8882,8,3526,'paid',2019)
,(99,2149,10,4360,9,659,'paid',2019)
,(100,5461,10,18171,10,4257,'unpaid',2019);
